{"cameraMode":{"drawMode":0,"name":"Shaded","section":"Shading Mode"},"sceneLighting":true,"audioPlay":false,"sceneViewState":{"showFog":true,"showMaterialUpdate":true,"showSkybox":true,"showFlares":true,"showImageEffects":true,"showParticleSystems":true},"in2DMode":false,"pivot":{"x":2.893064498901367,"y":-1.2202836275100709,"z":0.0724492222070694},"rotation":{"x":0.17255839705467225,"y":0.6155965328216553,"z":-0.14051303267478944,"w":0.7559898495674133},"size":5.662356853485107,"orthographic":false}